<level gameversion="0.1" name="TestLevelOne">
	<meta>
		<title>Mock Level One !!!!!!111!!111!1</title>
		<author>Sqeaky</author>
		<difficulty>Easy</difficulty>
		<creationdate>3/20/2010</creationdate>
		<lastedited>3/20/2010</lastedited>
		<description>A simple test level to aid in development</description>
		<screenshot file="mocklevel1.jpg" />
		<thumbnail file="thumb1.jpg" mouseover="Lot's of object to throw in this level" />
		<thumbnail file="thumb2.jpg" mouseover="Can you land them behind this wall" />
	</meta>
	<structure>
		<environment bgimage="samplebackground.jpg">
			<simplelandingzone>
				(10,10)(10,20)(9,20)(9,10)(10,10)
			</simplelandingzone>
			<startingzone>
				(-5,1)(3,1)(3,15)(-5,15)(-5,1)
			</startingzone>
		</environment>
		<adow x="2" y="11" scaling="1.5" physicsdisabled="1">
			<model file="robot.mesh" />
			<skin imagefile="r2skin.jpg" scriptfile="Examples.material" />
			<skeleton file="robot.skeleton" />
		</adow>
		<adow x="-3" y="3" scaling=".8" usecommonobject="steelsquare" physicsdisabled="1" />	
	</structure>
</level>
